SpellingScore,WritingSampleScore,SentenceFluencyScore,Motivation1,Motivation2,Motivation3,Motivation4
104,101,96,1,2,3,3
97,102,103,3,3,2,2
100,99,102,5,4,5,5
95,99,89,4,3,4,3
104,103,110,3,2,3,5
97,107,100,4,5,5,3
94,110,113,3,4,4,2
106,99,102,4,5,5,5
107,109,99,4,4,3,4
113,102,101,4,5,4,5
113,94,102,2,2,2,1
94,99,100,3,4,3,3
100,103,102,4,4,4,4
94,95,105,3,2,3,1
94,98,109,4,2,3,3
107,104,93,3,3,2,3
110,99,96,3,2,3,3
102,117,99,1,1,2,2
105,107,104,5,4,4,3
100,103,95,3,3,2,2
99,98,94,3,3,2,3
110,111,112,3,4,5,5
106,91,101,3,3,2,2
100,99,101,1,2,2,3
94,97,100,3,4,4,3
98,100,107,2,3,2,4
107,105,108,4,4,4,5
111,95,101,5,5,5,4
100,100,102,3,4,5,4
88,100,91,1,2,3,2
108,112,105,2,3,2,2
108,107,99,3,3,2,3
107,112,114,4,4,4,2
101,102,80,2,1,2,4
103,107,106,4,4,3,4
101,97,106,3,2,3,5
87,99,99,1,1,1,2
88,96,101,4,3,3,1
84,94,107,1,3,2,3
100,92,95,3,3,3,3
102,107,107,4,2,3,4
100,102,102,2,2,3,2
99,103,102,2,3,2,3
108,109,102,3,4,3,3
100,102,102,1,2,2,3
100,103,102,3,3,3,3
105,100,96,4,5,4,4
96,91,101,2,3,3,2
105,101,108,4,4,3,3
101,107,108,5,3,4,2
108,108,115,3,2,3,3
99,100,103,3,3,3,5
97,113,101,2,2,2,2
114,106,90,1,2,2,3
87,102,109,1,1,1,1
111,103,97,3,2,3,3
120,118,96,3,5,5,3
86,113,110,2,1,2,2
105,110,99,5,4,3,5
97,103,101,1,3,1,2
99,105,106,1,1,1,1
96,110,110,3,2,3,1
100,101,94,2,1,2,1
89,104,90,4,4,3,3
102,108,100,3,4,3,3
101,102,106,4,5,4,2
103,103,110,4,4,4,4
89,107,96,4,5,4,4
113,113,113,3,2,1,3
92,108,110,2,4,3,2
103,109,115,3,4,3,4
92,90,102,3,2,3,5
98,91,101,4,4,4,4
94,95,90,3,4,3,3
99,96,89,3,3,2,2
105,105,102,5,5,3,4
95,97,105,3,2,4,3
101,105,110,4,2,3,5
97,100,98,2,2,3,2
99,95,92,3,3,3,2
108,114,94,4,3,2,3
94,96,92,4,5,4,5
93,101,95,3,2,3,1
113,109,112,4,3,3,4
92,99,105,2,2,3,2
97,112,98,4,4,3,3
109,113,104,2,1,1,2
99,95,95,1,2,1,3
107,98,92,2,3,4,2
114,105,113,5,4,5,4
87,96,104,4,3,2,4
91,98,102,2,3,4,3
96,103,98,1,1,1,3
96,97,94,3,3,3,3
98,100,103,4,5,3,2
96,105,105,3,4,4,2
92,101,114,2,1,2,2
100,95,102,3,4,3,3
102,106,98,2,2,2,1
104,103,109,4,4,4,2
91,99,92,1,1,1,1
107,101,106,3,3,3,3
106,109,96,5,5,5,5
98,101,103,4,3,3,4
105,104,103,3,1,3,4
104,97,94,4,4,4,4
95,92,88,4,4,5,5
99,98,101,1,3,3,2
100,103,101,2,3,4,4
98,106,97,3,1,2,3
106,101,99,3,3,4,2
106,118,98,3,3,2,3
92,107,115,3,3,3,3
103,96,98,4,3,3,3
105,103,101,3,3,3,3
95,104,95,2,3,2,1
104,108,111,1,1,2,3
91,96,94,2,1,3,1
110,103,96,3,4,3,4
100,98,103,2,3,3,3
85,99,106,1,1,1,1
91,102,96,1,1,1,1
120,107,114,5,5,5,4
106,103,98,3,2,3,1
90,103,101,1,3,1,1
112,110,98,3,3,3,3
101,103,95,1,2,1,3
100,102,102,4,3,4,3
92,94,103,1,2,3,2
107,94,91,2,3,3,4
103,100,92,3,2,2,2
85,97,104,2,2,1,3
80,99,98,1,1,1,1
94,105,104,2,2,3,3
96,101,102,4,4,4,4
114,107,99,4,4,4,5
105,106,103,2,2,3,3
108,98,98,4,4,5,3
98,105,103,5,2,3,2
95,101,106,2,1,3,2
100,102,109,2,2,2,3
113,109,101,3,4,5,4
95,110,89,1,2,2,2
96,97,101,1,2,2,4
94,106,102,3,3,3,3
117,108,112,3,3,3,3
98,104,102,4,4,3,5
101,105,112,4,4,3,3
108,100,107,2,3,4,2
108,105,107,4,3,4,4
103,90,105,3,2,1,1
100,109,102,3,3,3,4
97,120,106,3,1,2,3
96,98,103,1,2,1,1
104,100,99,3,2,3,2
100,109,118,3,1,3,3
97,112,104,2,3,1,3
96,102,98,1,2,2,3
106,97,97,1,2,2,3
98,102,93,2,2,2,3
105,110,120,3,5,4,4
107,107,107,4,4,4,3
94,98,99,2,1,1,2
83,99,101,2,1,3,1
104,91,108,2,3,3,3
100,111,102,3,5,4,5
101,103,94,3,2,2,2
102,109,104,4,5,5,4
100,112,102,5,5,5,4
96,110,112,3,3,3,2
105,104,103,2,2,3,2
99,111,101,3,4,3,1
102,114,99,4,4,4,5
108,104,112,4,4,4,4
99,102,120,3,3,2,5
100,96,102,2,2,2,5
91,97,98,2,1,3,1
95,117,103,4,4,3,2
102,98,114,2,2,2,4
98,110,106,3,2,3,2
107,104,113,4,4,4,5
105,98,92,2,1,2,2
108,99,106,4,2,4,2
104,110,89,3,4,3,3
104,95,112,3,2,3,4
99,100,105,3,3,4,3
103,105,109,2,2,1,3
102,93,101,4,5,4,4
90,100,93,3,2,3,2
101,80,101,1,1,1,2
102,103,111,3,3,4,3
85,99,107,2,1,1,1
117,104,110,5,4,3,3
100,99,102,4,4,5,5
98,95,99,3,3,4,2
107,116,102,5,5,5,3
99,98,96,1,1,1,1
99,99,94,1,1,3,2
98,104,113,3,4,3,1
97,89,92,1,1,2,1